,0
0,나의 신은 욕망꾸러기
1,오후가 멈추도록
2,악당 가족이 독립을 반대한다
3,오늘은 나랑 만나
4,뷰티풀 군바리
5,신의 탑
6,백수세끼
7,퀘스트지상주의
8,윈드브레이커
9,장씨세가 호위무사
10,소녀의 세계
11,버림받은 왕녀의 은밀한 침실
12,신화급 귀속 아이템을 손에 넣었다
13,참교육
14,앵무살수
15,별난식당
16,절대검감
17,퍼니게임
18,2023 루키 단편선
19,팔이피플
20,우아한 욕망
21,악당 가족이 독립을 반대한다
22,만렙돌파
23,어린이집 다니는 구나
24,잔불의 기사
25,순정말고 순종
26,물어보는 사이
27,왕과의 야행
28,개같이 탈출
29,리턴 투 플레이어
30,천재 타자가 강속구를 숨김
31,미친 재능의 플레이어
32,히어로메이커
33,ㅋㅋ단편.zip
34,칼가는 소녀
35,좀비묵시록 82-08
36,제왕
37,루루라라 우리네 인생
38,신군
39,결혼생활 그림일기
40,더블클릭
41,아슈타르테
42,날 먹는 건 금지양!
43,시한부의 아이까지 뺏으려 합니다
44,파운더
45,오빠집이 비어서
46,제국 제일의 상속녀가 되었습니다
47,인섹터
48,달로 만든 아이
49,꿈의 기업
50,엘프
51,쥴리에타의 드레스 업
52,라서드
53,악녀교실
54,입술이 예쁜 남자
55,파견체
56,오늘의 일기예보
57,피폐물의 해피엔딩을 위하여
58,사이다걸
59,학식의 꿈
60,서브 남주가 파업하면 생기는 일
61,영앤리치가 아니야!
62,하루의 하루
63,랭커
64,악당과 악당이 만나면
65,컨트롤X
66,마이너스의 손
67,찌질하지만 로맨스는 하고 싶어
68,백호랑
69,최후의 금빛아이
70,고백어택
71,너를 돌려차는 방법
72,굿바이 유교보이
73,세번째 로망스
74,슈퍼스타 천대리
75,매지컬 급식:암살법사
76,메리의 불타는 행복회로
77,원하나
78,주작연애
79,"집사, 주세요!"
80,어쌔신 크리드 - 잊혀진 사원
81,포스트 팬데믹
82,모스크바의 여명
83,토마토가 돼라!
84,루크 비셸 따라잡기
85,어느날 짝남에게 공작님이 빙의했다
86,역주행!
87,북부 공작님을 유혹하겠습니다
88,결혼공략
89,버그이터
90,러브 똘츄얼리
91,트러블리걸
92,행운을 부탁해!
93,중독연구소
94,악취해결사
95,트리거
96,너는 그냥 개그만화나 그려라
97,김부장
98,오늘은 나랑 만나
99,내가 키운 S급들
100,대학원 탈출일지
101,멸망 이후의 세계
102,사신소년
103,한림체육관
104,천마는 평범하게 살 수 없다
105,성검전설
106,용사가 돌아왔다
107,시한부인 줄 알았어요!
108,하루만 네가 되고 싶어
109,집이 없어
110,궤짝
111,유사연애
112,사변괴담
113,초인의 게임
114,호랑이 들어와요
115,도태교실
116,삼국지톡
117,놓지마 정신줄 시즌3
118,신입사원 김철수
119,이섭의 연애
120,저 그런 인재 아닙니다
121,포 더 퀸덤
122,염라강림
123,원주민 공포만화
124,로맨스 당도 백퍼센트
125,내 남편의 정부에게
126,랜덤채팅의 그녀!
127,우리 집 고양이 보고 갈래?
128,백씨세가 시한부 공자
129,못 잡아먹어서 안달
130,올가미
131,파도의 포말
132,체탐자
133,윌유메리미
134,시체기사 군터
135,이상형
136,신과함께 돌아온 기사왕님
137,짝사랑의 마침표
138,사표내고 이계에서 힐링합니다
139,로잘린 보가트
140,하우스키퍼
141,빅맨
142,헥토파스칼
143,아카데미 플레이어를 죽였다
144,빌런투킬
145,집착남주의 전부인이 되었습니다
146,빛나는 나나나나
147,욕망일기Deep
148,흑역사 어게인
149,거짓말의 뉘앙스
150,미워할 거야
151,은주의 방 2~3부
152,짐승의 꽃
153,애옹식당
154,웅크
155,에이머
156,반대로 끌리는 사이
157,왕게임
158,해골협객
159,로맨스가 가능해?
160,그냥 선생님
161,내남친 킹카만들기
162,배드 엔딩 메이커
163,랜덤타겟
164,팀장님은 신혼이 피곤하다
165,ㅋㄷㅋㄷ만화
166,아이즈
167,폭군의 심장을 쥐었다
168,주인님을 잡아먹는 방법
169,"이 결혼, 새로고침"
170,윗집 그 남자
171,제로게임
172,착한 여자 안선해
173,필리아로제 - 가시왕관의 예언
174,붉은 이정표
175,렌탈히어로
176,은밀한 재택근무
177,공작저의 붉은 밤
178,원포인트
179,자매의 사생활
180,우투리: THE LEGACY
181,돌격! 용마치킨
182,죽었던 너와 다시 시작하기
183,왕자님 짠내밥상
184,DARK MOON: 회색 도시
185,동경과 거짓말
186,그 남학생에게 고백하지 마십시오
187,대리게임
188,AI 유하
189,화산귀환
190,전지적 독자 시점
191,오늘은 나랑 만나
192,무직백수 계백순
193,성스러운 작가생활
194,백XX
195,헬퍼 2 : 킬베로스
196,캐슬2:만인지상
197,일렉시드
198,"울어 봐, 빌어도 좋고"
199,미래의 골동품 가게
200,칼에 취한 밤을 걷다
201,2023 루키 단편선
202,튜토리얼 탑의 고인물
203,마님이네 미국 시골집 이야기
204,왕따가 격투기를 너무 잘함
205,나쁜사람
206,어린이집 다니는 구나
207,베이비 폭군
208,빌드업
209,황후를 훔친 이는 누구인가
210,별을 품은 소드마스터
211,마른 가지에 바람처럼
212,기묘한 만화
213,내가 죽기로 결심한 것은
214,무림서부
215,중간에서 만나
216,쓰레기는 쓰레기통에!
217,사상최강
218,흔한 빙의물인 줄 알았다
219,강철을 먹는 플레이어
220,악의 등교
221,망치하르방
222,에브리띵 이즈 파인
223,인과관계
224,판타지 여동생!
225,닥터앤닥터 병원일기
226,수인 보호소에서 남주를 입양해 버렸다
227,남사친의 법칙
228,결혼 시뮬레이션
229,언덕 위의 제임스
230,귀비나리
231,옆집남자 친구
232,용한소녀
233,급식아빠
234,어린 상사
235,사내고충처리반
236,괴물공작의 딸
237,두 번 사는 프로듀서
238,행성인간2: 행성의
239,격기3반
240,좀간
241,하렘의 남자들
242,칼부림
243,나의 신은 욕망꾸러기
244,그때 그 채영민
245,신입은 낮져밤이
246,수요웹툰의 나강림
247,강아지는 멍멍하고 짖지 않아!
248,말숙이를 부탁해
249,반귀
250,두꺼비집
251,나를 낳아줘
252,산타 스카우트
253,영웅&마왕&악당
254,"49번 남았습니다, 스승님!"
255,누가 나를 죽였을까
256,케찰코아틀 - 헤수스
257,미시령
258,그 남자의 은밀한 하루
259,운명을 보는 회사원
260,겨울 정원의 하와르
261,사생돌
262,범상찮은 밤
263,"사랑아, 영원해!"
264,어느 백작 영애의 이중생활
265,"이혼은 쉬운데, 연애는 어렵다"
266,로어 올림푸스
267,나랑 해요
268,멸종위기종인간
269,두 마리를 위한 뜰
270,더 베이비시터
271,하얀 사자의 비밀 신부
272,줄리에게
273,나의 계절
274,굿헌팅
275,히어로 더 맥시멈
276,연애고수
277,우리의 연애일지
278,넷시의 비밀
279,이런 미친 엔딩
280,낙원의 이론
281,킬링대디
282,선배는 나빠요!
283,아이돌의 비밀 스터디
284,수플레 팬 케이크
285,솔그린
286,신혼일기
287,선천적 얼간이들
288,오늘은 나랑 만나
289,앞집나리
290,나노마신
291,촉법소년
292,재벌집 막내아들
293,맛집
294,남편을 죽여줘요
295,무사만리행
296,천마육성
297,현실퀘스트
298,정글쥬스
299,사내연애 사절!
300,회귀한 천재 헌터의 슬기로운 청소생활
301,뮤즈 온 유명
302,마도귀환록
303,별을 삼킨 너에게
304,네이처맨
305,내향남녀
306,할배무사와 지존 손녀
307,게임 속 바바리안으로 살아남기
308,순정빌런
309,가족같은 XX
310,보스였음
311,비서 일탈
312,마왕까지 한 걸음
313,완벽한 결혼의 정석
314,히든클래스 중력자로 최강을 노린다
315,쿠베라
316,일립예고 학생들
317,순수한 동거생활
318,국세청 망나니
319,최강전설 강해효
320,ㅋㅋ단편.zip
321,시한부 천재 암흑기사
322,흑막 여주가 날 새엄마로 만들려고 해
323,SPT - 박쥐의 시간
324,던전 씹어먹는 아티팩트
325,트롤트랩
326,루루라라 우리네 인생
327,꽃만 키우는데 너무강함
328,게임 최강 트롤러
329,아인슈페너
330,서울밤피어
331,오만의 시대
332,학생만 하면 안 될까요?
333,갓트
334,네가 죽기를 바랄 때가 있었다
335,마법사랑해
336,일진만화에서 살아남기
337,해시의 신루
338,내가 사랑한 물고기
339,이게 웬 떡
340,웨폰 크리에이터
341,이 주길럼의 전장
342,돈내놔
343,"오, 친애하는 숙적"
344,만능잡캐
345,당신의 그림자를 그만두었을 때
346,킬더킹
347,썩은 핑크의 법칙
348,만물의 영장
349,코인 리벤지
350,관계중독
351,그 악룡은 무엇을 위해 사는가
352,나의 불편한 상사
353,쌍둥이 영애가 남장을 하는 이유
354,더티드레스
355,"엔딩, 바꿔보려합니다"
356,달의 요람
357,케찰코아틀 - 다빗
358,35cm
359,불쌍해야 하는 남자
360,아빠같은 남자
361,너와 XX
362,"첫사랑, 두 번째"
363,따개비
364,3X3!
365,여친을 찾아서
366,나쁜 마법사의 꿈
367,카루나
368,규격 외 혈통 천재
369,불편한 관계
370,배트맨: 웨인 패밀리 어드벤처
371,유월의 소한
372,미라주
373,사랑하는 여배우들
374,괴물의 바다
375,올빼미와 여름 하늘
376,보물과 괴물의 도시
377,잘못된 연애
378,권리행사자
379,황제사냥
380,사기 친 공작님을 유혹해버렸다
381,베니루 BAENIRU
382,오늘은 나랑 만나
383,외모지상주의
384,광마회귀
385,나 혼자 만렙 뉴비
386,역대급 영지 설계사
387,재혼 황후
388,대신 살쪄주는 여자
389,대학원 탈출일지
390,열렙전사 3부
391,데드퀸
392,"언니, 이번 생엔 내가 왕비야"
393,공동급식구역
394,상남자
395,1초
396,낙향문사전
397,죽지 않으려면
398,천하제일 대사형
399,세기말 풋사과 보습학원
400,2023 루키 단편선
401,사신
402,나혼자 탑에서 농사
403,전남편의 미친개를 길들였다
404,흑요석의 신부
405,서울역 드루이드
406,삼국지톡
407,약탈 신부
408,커플브레이커
409,말년용사
410,연애의 기록
411,문제적 왕자님
412,센스제로
413,그렇고 그런 바람에
414,새동네
415,뼈왕
416,브레이커 : 이터널 포스
417,히어로 킬러
418,더 게이머
419,그 기사가 레이디로 사는 법
420,폭군님은 착하게 살고 싶어
421,펜홀더
422,플레이어
423,도깨비의 밤
424,대위님! 이번 전쟁터는 이곳인가요?
425,소름일기
426,소곤소곤2
427,소년 소녀 연애하다
428,야수라는 공작에게 시집왔는데
429,언다잉
430,괴물 의상실
431,천재 배우의 아우라Aura
432,성스러운 그대 이르시길
433,웅크
434,복수 법률사무소
435,쌈빡
436,로또 황녀님
437,킬 더 드래곤
438,그냥 선생님
439,평화식당
440,신컨의 원 코인 클리어
441,죽음으로 구원하사
442,후덜덜덜 남극전자
443,그거 사랑 아니야
444,절대복종
445,룸9
446,여름여자 하보이
447,몽홀
448,멜빈이 그들에게 남긴 것
449,미친 후작을 길들이고 말았다
450,여름의 너에게
451,스토커의 하루
452,너의 키스씬
453,재앙의 날
454,메소드 연기법
455,달이 없는 나라
456,오!너의 리스크
457,개를 낳았다
458,50대덕툰
459,드래곤의 심장을 가지고 있습니다
460,바스티안
461,백년게임
462,우리 무슨 사이야?
463,합법해적 파르페
464,별빛 커튼콜
465,미드우트
466,비밀친구
467,"푸른 밤, 황홀의 윤무"
468,천상의 주인
469,신의 최애캐
470,애증화음
471,크림슨 하트
472,세라는 망돌
473,뜨거운 홍차
474,지옥 키우기
475,우리는 후라이족
476,오늘은 나랑 만나
477,호랑이형님
478,99강화나무몽둥이
479,초인의 시대
480,망나니 소교주로 환생했다
481,마도전생기
482,작전명 순정
483,아홉수 우리들
484,귀환했는데 입대 전날이다
485,얼짱시대
486,마님이네 미국 시골집 이야기
487,은탄
488,물위의 우리
489,킬러경찰
490,킬러 배드로
491,세레나
492,나이트런
493,"나태 공자, 노력 천재 되다"
494,디펜스 게임의 폭군이 되었다
495,스터디그룹
496,놓지마 정신줄 시즌3
497,소공녀 민트
498,로맨스 당도 백퍼센트
499,유쾌한 왕따(재)
500,나를 미워하던 남편이 기억을 잃었다
501,나를 바꿔줘
502,망치하르방
503,황제의 검
504,왕의 힘으로 회귀한다
505,신입사원 강 회장
506,윌유메리미
507,야매 힐러로 사는 법
508,천마의 후손이 되었다
509,괴양이
510,지옥2:부활자
511,흑화한 노예남을 길들였다
512,나랑X할래?
513,민간인 통제구역 - 일급기밀
514,예명여고
515,같은 학교 친구
516,봐선 안되는 것
517,플레이어가 과거를 숨김
518,욕망일기Deep
519,회귀자의 은퇴 라이프
520,S.K.T(Swallow Knights Tales)
521,부패의 사제
522,더 해머
523,공유몽
524,폭군 남편과 이혼하겠습니다
525,왕세자 입학도
526,존잘주의
527,묘약마녀
528,이계진입 리로디드
529,묘령의 황자
530,좀비X슬래셔
531,엑스애쉬
532,첫사랑은 헤이트
533,복수를 위한 결혼동맹
534,괴물의 순결한 심장
535,아사
536,망겜의 현금술사
537,완벽한 부부는 없다
538,시한부 기사가 되었다
539,더 캐슬 - 귀안의 신부
540,최강부캐
541,동그란 그녀와 소심한 그 남자
542,데이팅 캣
543,청춘일지
544,연애 생각은 없지만
545,당신이 나를 믿으신다면
546,오후가 멈추도록
547,너에게로 중독
548,소년 검사
549,러브 어페어
550,방송은 방송으로 봐
551,왕년엔 용사님
552,솔직하게 말해줘!
553,애구애구
554,홍대 바이브
555,용두사망 소설 속의 악녀가 되었다
556,"저무는 해, 시린 눈"
557,대박사건
558,또다시 열일곱
559,전생연분
560,먹지마세요
561,너나 나나
562,1825일
563,멸망으로 시작하는! 근미래 생존법
564,아침을 지나 밤으로
565,겨울특강
566,보고 있지?
567,마법사가 죽음을 맞이하는 방법
568,신혼일기
569,오늘은 나랑 만나
570,무직백수 계백순
571,싸움독학
572,입학용병
573,약한영웅
574,투신전생기
575,일타강사 백사부
576,가비지타임
577,2023 루키 단편선
578,천화서고 대공자
579,수희0(tngmlek0)
580,나 혼자 특성빨로 무한 성장
581,"고수, 후궁으로 깨어나다"
582,판사 이한영
583,자매전쟁
584,분신으로 자동사냥
585,아카데미의 천재칼잡이
586,사랑받는 시집살이
587,아카데미에 위장취업당했다
588,청춘계시록
589,폰투스 : 극야2
590,무진
591,장풍전
592,랑데뷰
593,약빨이 신선함
594,어느날 갑자기 서울은
595,허리케인 공주님
596,경자 전성시대
597,아무래도 결혼을 잘못한 것 같다
598,오로지 너를 이기고 싶어
599,밤마다 남편이 바뀐다
600,위닝샷!
601,후궁 스캔들
602,용사보다 너무 강해서 힘을 숨김
603,팔문의 옥
604,내게 종말은 게임이다
605,상사불상사
606,추락한 곳은 낙원
607,강아지는 멍멍하고 짖지 않아!
608,피폐물 남주의 엄마가 되었다
609,내일
610,숲속의 대표님
611,서과장은 산재처리 됐을까
612,찐한 고백
613,펀치드렁커드
614,급발진 로맨스
615,장미같은 소리
616,천치전능
617,죽음을 희망합니다
618,홍 의관의 은밀한 비밀
619,神장산범
620,첫날밤만 세 번째
621,집착광공 집사전락
622,데빌샷
623,갑!자기 건물주
624,여우애담
625,고양이 타타
626,아포크리파
627,최고의 뿔소라
628,신혼부부 생활 백서
629,시월드가 내게 집착한다
630,내곁엔 없을까
631,백설을 위하여
632,몸이 바뀌는 사정
633,108명의 그녀들
634,죽고 싶습니다
635,완벽한 파트너
636,여신님의 호랑이 공략법
637,사장님이 미쳤어요
638,성애적 순애보
639,주인공의 주식을 팝니다
640,사랑은 없는 것처럼
641,손 안의 안단테
642,헬스던전
643,잿더미 황후
644,포크&나이프
645,칼끝에 입술
646,킬링킬러
647,망돌리부트
648,황금의 세계를 너에게
649,블러드 리벤저
650,신의 재래
651,손 잡은 사이
652,내가 만든 이세계
653,네 것이었던 것
654,마왕의 고백
655,프린키피아
656,그림자 잡기
657,어떤소란
